{"count":1,"self":854.78487039999993,"total":5594.9779553,"children":{"InitializeActuators":{"count":1,"self":0.0020964,"total":0.0020964,"children":null},"InitializeSensors":{"count":1,"self":0.0025981999999999997,"total":0.0025981999999999997,"children":null},"AgentSendState":{"count":473701,"self":39.5705376,"total":60.885370699999996,"children":{"CollectObservations":{"count":473701,"self":1.9737491999999999,"total":1.9737490999999998,"children":null},"WriteActionMask":{"count":473701,"self":0.7469538,"total":0.7469538,"children":null},"RequestDecision":{"count":473701,"self":3.4996951999999997,"total":18.5941314,"children":{"AgentInfo.ToProto":{"count":473701,"self":3.458604,"total":15.0944361,"children":{"GenerateSensorData":{"count":473701,"self":9.9576072,"total":11.6358321,"children":{"RayPerceptionSensor.Perceive":{"count":473701,"self":1.6782252,"total":1.6782252,"children":null}}}}}}}}},"DecideAction":{"count":473701,"self":4517.5914496,"total":4517.5914277,"children":null},"AgentAct":{"count":473701,"self":161.6977024,"total":161.7027081,"children":{"AgentInfo.ToProto":{"count":325,"self":0.0009973,"total":0.0050059,"children":{"GenerateSensorData":{"count":325,"self":0.0025101,"total":0.0040086,"children":{"RayPerceptionSensor.Perceive":{"count":325,"self":0.0014984999999999998,"total":0.0014984999999999998,"children":null}}}}}}},"AgentInfo.ToProto":{"count":106,"self":0.0020055,"total":0.0050133,"children":{"GenerateSensorData":{"count":106,"self":0.0030077999999999997,"total":0.0030077999999999997,"children":{"RayPerceptionSensor.Perceive":{"count":106,"self":0,"total":0,"children":null}}}}}},"gauges":{"Car Driver.CumulativeReward":{"count":431,"max":295.369873,"min":56.3532333,"runningAverage":242.5688,"value":266.89566,"weightedAverage":251.570892}},"metadata":{"timer_format_version":"0.1.0","start_time_seconds":"1747324438","unity_version":"2022.3.50f1","command_line_arguments":"C:\\Program Files\\Unity\\Hub\\Editor\\2022.3.50f1\\Editor\\Unity.exe -projectpath C:\\Users\\euseb\\Documents\\Unity\\Racing_Kart_Game -useHub -hubIPC -cloudEnvironment production -licensingIpc LicenseClient-euseb -hubSessionId 2b3e3765-edc2-4aab-9610-c2c75f3775b1 -accessToken WLPUXVsKZ71ocmKV-7TWv3MbYQX04AVM9hjn0w19OOU007f","communication_protocol_version":"1.5.0","com.unity.ml-agents_version":"2.0.1","scene_name":"TrainScene","end_time_seconds":"1747330033"}}