{
    "name": "root",
    "gauges": {
        "CarDriver.Policy.Entropy.mean": {
            "value": 2.201739549636841,
            "min": 2.201739549636841,
            "max": 2.587197780609131,
            "count": 9
        },
        "CarDriver.Policy.Entropy.sum": {
            "value": 110071.5703125,
            "min": 110071.5703125,
            "max": 129297.796875,
            "count": 9
        },
        "CarDriver.Step.mean": {
            "value": 949958.0,
            "min": 549959.0,
            "max": 949958.0,
            "count": 9
        },
        "CarDriver.Step.sum": {
            "value": 949958.0,
            "min": 549959.0,
            "max": 949958.0,
            "count": 9
        },
        "CarDriver.Policy.ExtrinsicValueEstimate.mean": {
            "value": 21.463539123535156,
            "min": 18.504024505615234,
            "max": 21.977575302124023,
            "count": 9
        },
        "CarDriver.Policy.ExtrinsicValueEstimate.sum": {
            "value": 17042.05078125,
            "min": 14636.68359375,
            "max": 17472.171875,
            "count": 9
        },
        "CarDriver.Environment.EpisodeLength.mean": {
            "value": 1087.195652173913,
            "min": 1003.52,
            "max": 1187.3809523809523,
            "count": 9
        },
        "CarDriver.Environment.EpisodeLength.sum": {
            "value": 50011.0,
            "min": 49483.0,
            "max": 50280.0,
            "count": 9
        },
        "CarDriver.Environment.CumulativeReward.mean": {
            "value": 240.9566798210144,
            "min": 221.86795724272727,
            "max": 271.61647909879684,
            "count": 9
        },
        "CarDriver.Environment.CumulativeReward.sum": {
            "value": 11084.007271766663,
            "min": 9684.689685583115,
            "max": 11587.481596052647,
            "count": 9
        },
        "CarDriver.Policy.ExtrinsicReward.mean": {
            "value": 240.9566798210144,
            "min": 221.86795724272727,
            "max": 271.61647909879684,
            "count": 9
        },
        "CarDriver.Policy.ExtrinsicReward.sum": {
            "value": 11084.007271766663,
            "min": 9684.689685583115,
            "max": 11587.481596052647,
            "count": 9
        },
        "CarDriver.Losses.PolicyLoss.mean": {
            "value": 0.023822328329163915,
            "min": 0.020107431249440803,
            "max": 0.0270859048304798,
            "count": 9
        },
        "CarDriver.Losses.PolicyLoss.sum": {
            "value": 0.11911164164581957,
            "min": 0.08042972499776321,
            "max": 0.135429524152399,
            "count": 9
        },
        "CarDriver.Losses.ValueLoss.mean": {
            "value": 1.0574183587233226,
            "min": 0.45472150584061943,
            "max": 1.2041555035114286,
            "count": 9
        },
        "CarDriver.Losses.ValueLoss.sum": {
            "value": 5.287091793616613,
            "min": 1.9624456306298574,
            "max": 6.020777517557144,
            "count": 9
        },
        "CarDriver.Policy.LearningRate.mean": {
            "value": 0.0002447259184247,
            "min": 0.0002447259184247,
            "max": 0.00026845336051554996,
            "count": 9
        },
        "CarDriver.Policy.LearningRate.sum": {
            "value": 0.0012236295921235001,
            "min": 0.0009899892100036201,
            "max": 0.0013283950172016795,
            "count": 9
        },
        "CarDriver.Policy.Epsilon.mean": {
            "value": 0.1815753,
            "min": 0.1815753,
            "max": 0.18948445000000003,
            "count": 9
        },
        "CarDriver.Policy.Epsilon.sum": {
            "value": 0.9078765,
            "min": 0.7299963799999999,
            "max": 0.94279832,
            "count": 9
        },
        "CarDriver.Policy.Beta.mean": {
            "value": 0.004080607469999999,
            "min": 0.004080607469999999,
            "max": 0.004475274055000001,
            "count": 9
        },
        "CarDriver.Policy.Beta.sum": {
            "value": 0.020403037349999997,
            "min": 0.016506819362000002,
            "max": 0.022145636168000003,
            "count": 9
        },
        "CarDriver.IsTraining.mean": {
            "value": 1.0,
            "min": 1.0,
            "max": 1.0,
            "count": 9
        },
        "CarDriver.IsTraining.sum": {
            "value": 1.0,
            "min": 1.0,
            "max": 1.0,
            "count": 9
        }
    },
    "metadata": {
        "timer_format_version": "0.1.0",
        "start_time_seconds": "1747324429",
        "python_version": "3.10.11 (tags/v3.10.11:7d4cc5a, Apr  5 2023, 00:38:17) [MSC v.1929 64 bit (AMD64)]",
        "command_line_arguments": "C:\\Users\\euseb\\Documents\\Unity\\Racing_Kart_Game\\venv\\Scripts\\mlagents-learn Config\\train_config.yaml --run-id=KartTraining1 --resume",
        "mlagents_version": "1.1.0",
        "mlagents_envs_version": "1.1.0",
        "communication_protocol_version": "1.5.0",
        "pytorch_version": "2.2.2+cu121",
        "numpy_version": "1.23.5",
        "end_time_seconds": "1747330032"
    },
    "total": 5603.851782100042,
    "count": 1,
    "self": 0.012302800314500928,
    "children": {
        "run_training.setup": {
            "total": 0.10007169982418418,
            "count": 1,
            "self": 0.10007169982418418
        },
        "TrainerController.start_learning": {
            "total": 5603.739407599904,
            "count": 1,
            "self": 10.864147959044203,
            "children": {
                "TrainerController._reset_env": {
                    "total": 12.019935199990869,
                    "count": 1,
                    "self": 12.019935199990869
                },
                "TrainerController.advance": {
                    "total": 5580.334082840709,
                    "count": 473686,
                    "self": 9.94514870713465,
                    "children": {
                        "env_step": {
                            "total": 5389.722147993278,
                            "count": 473686,
                            "self": 2350.5555392799433,
                            "children": {
                                "SubprocessEnvManager._take_step": {
                                    "total": 3031.570460759336,
                                    "count": 473686,
                                    "self": 38.46728037134744,
                                    "children": {
                                        "TorchPolicy.evaluate": {
                                            "total": 2993.1031803879887,
                                            "count": 473686,
                                            "self": 2993.1031803879887
                                        }
                                    }
                                },
                                "workers": {
                                    "total": 7.5961479539982975,
                                    "count": 473685,
                                    "self": 0.0,
                                    "children": {
                                        "worker_root": {
                                            "total": 5580.28976632026,
                                            "count": 473685,
                                            "is_parallel": true,
                                            "self": 3732.6353227058426,
                                            "children": {
                                                "steps_from_proto": {
                                                    "total": 0.0007090999279171228,
                                                    "count": 1,
                                                    "is_parallel": true,